Date,Portfolio Value,Daily Returns
2021-12-08,99793.17803988958,-0.0020682196011042905
2021-12-09,98515.50548789834,-0.012803205360195335
2021-12-10,98495.55034044715,-0.00020255844348930114
2021-12-13,96392.92352813184,-0.021347429452880224
2021-12-14,96551.35694389108,0.0016436208173828465
2021-12-15,98988.44779678516,0.025241394114329605
2021-12-16,97004.948018406,-0.020037689473130383
2021-12-17,95383.38044072338,-0.01671633881371637
2021-12-20,94358.78482427588,-0.010741867311824378
2021-12-21,96569.8124814755,0.02343213365154316
2021-12-22,97641.1418519946,0.011093832979375459
2021-12-23,98328.67758092648,0.007041455229743751
2021-12-27,100213.63607945268,0.019169977110440106
2021-12-28,99775.92390822458,-0.004367790535821715
2021-12-29,99547.240677038,-0.0022919680643289832
2021-12-30,99113.49462088224,-0.00435718813706733
2021-12-31,98447.56366694468,-0.006718872707342121
2022-01-03,100553.3810628073,0.021390243876290686
2022-01-04,100145.44242396884,-0.004056936072429674
2022-01-05,97284.52325473983,-0.028567642220973077
2022-01-06,97807.8139545782,0.005378971724702112
2022-01-07,97169.01068278083,-0.006531208969602701
2022-01-10,97246.89466679185,0.000801531099923179
2022-01-11,97867.84350327867,0.006385281901436977
2022-01-12,98313.74220528029,0.004556130860150007
2022-01-13,95958.48448820742,-0.023956546300058987
2022-01-14,95264.57978333911,-0.007231301208738826
2022-01-18,92739.5284801793,-0.026505667782323227
2022-01-19,91281.1699018632,-0.015725318019357754
2022-01-20,89827.25848587485,-0.015927835034886765
2022-01-21,87624.3151244021,-0.024524219024441875
2022-01-24,87402.12665359369,-0.0025356942361600154
2022-01-25,86488.52497471006,-0.010452854110799322
2022-01-26,87426.6800608004,0.010847162515081166
2022-01-27,86070.9526103567,-0.015507021992609771
2022-01-28,88575.47051856735,0.029098294282260132
2022-01-31,91473.39676099765,0.03271702905402941
2022-02-01,92081.51817437091,0.0066480685631710905
2022-02-02,93103.90299072805,0.011103040399715011
2022-02-03,89589.17310304764,-0.03775061812425243
2022-02-04,91082.47727839036,0.01666835537844614
2022-02-07,90920.83405297247,-0.0017746907006475495
2022-02-08,91916.46080937625,0.010950479796783376
2022-02-09,94017.33444778498,0.022856337373190285
2022-02-10,92221.08096888862,-0.01910555632582782
2022-02-11,89184.81407692064,-0.03292378337001156
2022-02-14,89252.8762851341,0.0007631591646841652
2022-02-15,92366.44918621771,0.034884846636614245
2022-02-16,92410.66015429335,0.0004786474793081423
2022-02-17,89089.33530464412,-0.035940927638692104
2022-02-18,87827.20739102893,-0.014166992146695208
2022-02-22,86869.82866996327,-0.010900707759079408
2022-02-23,84618.86472524094,-0.025911918777625376
2022-02-24,86173.14014276107,0.01836795403208104
2022-02-25,88151.36900389234,0.022956443943599858
2022-02-28,87757.07111917362,-0.004472963825454556
2022-03-01,85639.24418837966,-0.02413283515259943
2022-03-02,87267.87921638775,0.019017391424258852
2022-03-03,86374.45545912244,-0.010237715930393973
2022-03-04,84737.10436876505,-0.018956427356376114
2022-03-07,81520.22099642482,-0.037963102424892425
2022-03-08,81314.43224908915,-0.002524388977609533
2022-03-09,84625.727053349,0.040722104461313975
2022-03-10,83944.1033056967,-0.008054568880957428
2022-03-11,82292.67390471064,-0.019672964936823516
2022-03-14,81476.54402235114,-0.00991740629675646
2022-03-15,84715.92451323725,0.03975844250337192
2022-03-16,87881.23917391537,0.03736386846824218
2022-03-17,89040.32070851284,0.013189180597506862
2022-03-18,91201.70923756555,0.024274267116898066
2022-03-21,91435.47668747771,0.002563191543957212
2022-03-22,92483.09439469663,0.011457453334001147
2022-03-23,91001.04708317344,-0.01602506189075109
2022-03-24,93989.79212944886,0.03284297425219477
2022-03-25,94054.93669762388,0.000693102588048042
2022-03-28,95156.98018709534,0.011717019097194296
2022-03-29,96093.87908540347,0.009845824199822563
2022-03-30,95065.11166369886,-0.010705857974474245
2022-03-31,93287.01449129892,-0.018703992887423335
2022-04-01,92984.95305345269,-0.003237979471134386
2022-04-04,94367.05658280512,0.01486373315215781
2022-04-05,92368.2001117826,-0.02118171895367499
2022-04-06,90147.0220288351,-0.024046999727822618
2022-04-07,89831.98479740873,-0.003494704809279244
2022-04-08,88774.12514380296,-0.011775979969623034
2022-04-11,86432.12652498466,-0.026381545467494567
2022-04-12,85718.70541504749,-0.008254119603674734
2022-04-13,86468.73192489086,0.008749858111036216
2022-04-14,84587.16903700614,-0.021760037946654456
2022-04-18,85413.16998138551,0.009765085577199167
2022-04-19,87329.44214421959,0.022435324239244245
2022-04-20,86081.32049844864,-0.014292106019751599
2022-04-21,84067.18265133767,-0.023398082597341788
2022-04-22,81933.0738781291,-0.025385753464102937
2022-04-25,83077.5511881807,0.013968441019971444
2022-04-26,79816.92022829964,-0.03924803888953517
2022-04-27,79144.70399019402,-0.008421976645840146
2022-04-28,82388.12742054714,0.040980928183836564
2022-04-29,78952.43784667969,-0.041701270333892974
2022-05-02,80530.4133430537,0.01998640623913776
2022-05-03,80945.19817093082,0.0051506606095535765
2022-05-04,83466.01089577864,0.03114221450819929
2022-05-05,79457.6208443805,-0.04802421977975327
2022-05-06,78951.33796555051,-0.006371734686362627
2022-05-09,75668.36056290765,-0.041582289638655054
2022-05-10,76276.1497200331,0.008032276008149597
2022-05-11,74152.72258621674,-0.027838677510732785
2022-05-12,73600.1561679965,-0.007451734730006531
2022-05-13,76369.33797670307,0.037624673001858316
2022-05-16,75491.5042481879,-0.011494583451580461
2022-05-17,77835.08224799047,0.031044261511835303
2022-05-18,74586.14908035465,-0.041741244099728535
2022-05-19,74213.48473245764,-0.004996428324721704
2022-05-20,73656.73406730859,-0.007502014858299303
2022-05-23,75752.8331668753,0.028457670925937064
2022-05-24,74263.63309130537,-0.01965867167356483
2022-05-25,75570.89083984845,0.01760293287746685
2022-05-26,77698.19777299433,0.028149819454346744
2022-05-27,80115.8666137438,0.031116150825183857
2022-05-31,80097.50857030104,-0.00022914366677544205
2022-06-01,79087.47772671937,-0.012610015737195767
2022-06-02,81530.72917528718,0.030893025277785112
2022-06-03,79298.03490711389,-0.027384696429895862
2022-06-06,79611.87077876656,0.003957675269258204
2022-06-07,80116.5939934273,0.0063397984461805905
2022-06-08,79409.52213214258,-0.008825535710401601
2022-06-09,77218.22398598706,-0.02759490407849401
2022-06-10,74137.91640607243,-0.039890940517792906
2022-06-13,70783.04429284354,-0.04525177231652155
2022-06-14,70659.80150909582,-0.001741134264271317
2022-06-15,72575.38662353109,0.027109970216781083
2022-06-16,70178.48396533675,-0.033026384973017554
2022-06-17,70734.61485374387,0.007924521263266595
2022-06-21,72846.49419826847,0.029856377233286296
2022-06-22,72680.67176189786,-0.0022763269282289945
2022-06-23,73073.16248877911,0.005400207749414333
2022-06-24,75875.55738091751,0.03835053522650999
2022-06-27,75171.33051407186,-0.009281340278137602
2022-06-28,72672.19871936821,-0.0332458103057761
2022-06-29,72282.89229877802,-0.005357019980825686
2022-06-30,71058.3081954798,-0.016941548191465025
2022-07-01,70915.68941345156,-0.0020070669517758296
2022-07-05,71976.83916281087,0.014963539918121804
2022-07-06,72261.75051764696,0.003958375473971799
2022-07-07,74127.77387916636,0.025823113170552293
2022-07-08,74117.9269179201,-0.00013283767650053196
2022-07-11,72391.52446011579,-0.023292643623399677
2022-07-12,71859.63505040744,-0.007347398934821461
2022-07-13,71769.29856590758,-0.0012571241759923085
2022-07-14,71501.2573806783,-0.003734761110743266
2022-07-15,73311.4707529439,0.025317224319956748
2022-07-18,73056.82111086875,-0.0034735306693451334
2022-07-19,75104.08021940308,0.028022833151027444
2022-07-20,76340.73074426939,0.01646582344466011
2022-07-21,77354.89695737931,0.013284732844741192
2022-07-22,75847.09826927393,-0.01949196169101149
2022-07-25,75411.39421872442,-0.005744505201802988
2022-07-26,73963.88722294758,-0.019194804853739603
2022-07-27,76873.71756817342,0.03934123062589716
2022-07-28,77210.61373802138,0.004382462309685994
2022-07-29,78364.20215986102,0.014940801089262242
2022-08-01,78356.5330844271,-9.786452516012559e-05
2022-08-02,77951.69689876075,-0.005166591345103667
2022-08-03,79505.62981958291,0.019934561820255218
2022-08-04,79671.66583146209,0.002088355406478089
2022-08-05,79499.76189589479,-0.0021576545911686333
2022-08-08,77929.00978382753,-0.01975794737755536
2022-08-09,77073.97538581799,-0.010971965387233377
2022-08-10,79522.22513197824,0.03176493406373229
2022-08-11,79024.121906904,-0.006263698283688119
2022-08-12,80567.4517370354,0.0195298573763281
2022-08-15,81314.07109989088,0.009267009775763672
2022-08-16,81415.44782235037,0.0012467303762833965
2022-08-17,80374.34788432204,-0.012787498759449354
2022-08-18,80645.07975583176,0.0033683865391899628
2022-08-19,78845.99922903081,-0.022308621086965262
2022-08-22,76885.38124880813,-0.024866423146309657
2022-08-23,76745.11395114713,-0.0018243688901937209
2022-08-24,76837.0492909091,0.0011979308522558892
2022-08-25,78605.0727747776,0.023010038779270055
2022-08-26,74895.09964540583,-0.04719762985274161
2022-08-29,73955.78336009085,-0.012541758936996208
2022-08-30,73229.2695383665,-0.009823624180775004
2022-08-31,72520.51888029768,-0.009678516016024057
2022-09-01,71757.65931790776,-0.01051922371996675
2022-09-02,70645.09781776535,-0.015504428526764513
2022-09-06,70340.30953039322,-0.0043143586290779416
2022-09-07,71498.42804743016,0.01646450697713439
2022-09-08,72378.02495330213,0.012302325098510742
2022-09-09,73684.54304722708,0.018051309009438927
2022-09-12,74361.81722938166,0.009191536706965642
2022-09-13,70161.13417781853,-0.05648978478572432
2022-09-14,70585.37115384042,0.00604660943688126
2022-09-15,70179.32554515028,-0.005752546201183123
2022-09-16,70399.78959029031,0.003141438642042825
2022-09-19,70910.21976821421,0.007250450333651253
2022-09-20,70055.05732786653,-0.012059791143547058
2022-09-21,69036.84056189115,-0.014534521914813331
2022-09-22,68045.0965423919,-0.01436543172351787
2022-09-23,67265.17079527151,-0.01146189493073174
2022-09-26,66365.63458306926,-0.013372986369722862
2022-09-27,66384.22661411176,0.000280145457197723
2022-09-28,67682.46859440836,0.01955648271453457
2022-09-29,65878.29625320043,-0.026656420468637972
2022-09-30,65090.29264195254,-0.011961505625756156
2022-10-03,66262.62196940737,0.01801081666514478
2022-10-04,68627.76644857215,0.03569349369025485
2022-10-05,68350.26598033022,-0.004043559664001065
2022-10-06,67555.57952363737,-0.011626676872355425
2022-10-07,64849.181419918765,-0.040061799821754805
2022-10-10,64055.57861067979,-0.012237668878195256
2022-10-11,63300.406953942234,-0.011789319105637557
2022-10-12,63388.66403579877,0.001394257732351496
2022-10-13,65463.112033747195,0.03272585137268196
2022-10-14,63836.70659627331,-0.02484460923024019
2022-10-17,66489.93048112502,0.041562668663840514
2022-10-18,67082.64937199575,0.008914415860894791
2022-10-19,66745.61386019408,-0.0050241830779923224
2022-10-20,66680.54227949385,-0.0009749192034779319
2022-10-21,68532.18029216028,0.02776879055520014
2022-10-24,69038.32879474005,0.007385559607501102
2022-10-25,70622.10588869754,0.022940547976852896
2022-10-26,69616.08581665745,-0.014245115737919391
2022-10-27,68812.85956203248,-0.011537940480313173
2022-10-28,70535.2508974326,0.02503007935380803
2022-10-31,69538.61596195781,-0.014129600771166576
2022-11-01,69413.64245581733,-0.001797181384927745
2022-11-02,67642.73765493461,-0.02551234509858684
2022-11-03,67314.20841671503,-0.004856829418931953
2022-11-04,68965.93995293132,0.0245376358879702
2022-11-07,69613.68351238551,0.009392224044162716
2022-11-08,69996.92935433683,0.005505323416525314
2022-11-09,68116.27016055332,-0.02686773850126009
2022-11-10,73362.52315696477,0.0770190878632341
2022-11-11,74163.30860280355,0.010915456712488381
2022-11-14,73931.80879762728,-0.0031214870201666843
2022-11-15,74666.51422307683,0.009937609229345851
2022-11-16,73586.73751410244,-0.01446132473451747
2022-11-17,73186.8397105817,-0.005434373326363399
2022-11-18,73033.45052971599,-0.0020958574174303477
2022-11-21,72304.52328293538,-0.009980731315495426
2022-11-22,73797.89403124907,0.020653904908133916
2022-11-23,75023.40531929107,0.016606317891985477
2022-11-25,74649.4677535435,-0.004984278761489287
2022-11-28,73523.74901525943,-0.015080063825781842
2022-11-29,73215.799874567,-0.004188430878687994
2022-11-30,76555.62086203296,0.0456161237490775
2022-12-01,76662.27399984212,0.0013931457495639718
2022-12-02,76283.00661497144,-0.004947249345505487
2022-12-05,74909.84284416169,-0.018000913070202046
2022-12-06,73255.4285731342,-0.022085405711893463
2022-12-07,73204.67637926814,-0.0006928113704963387
2022-12-08,74736.55884287498,0.020926019202246834
2022-12-09,74354.38643667384,-0.005113593830358284
2022-12-12,75431.89356788996,0.014491507264790739
2022-12-13,76366.33959812987,0.012387943428715522
2022-12-14,75746.50536352875,-0.0081165895584748
2022-12-15,73554.58951329162,-0.028937517839503143
2022-12-16,72648.48493649774,-0.012318804071772186
2022-12-19,71866.93435398462,-0.01075797496942002
2022-12-20,71623.85821029363,-0.0033823085105271476
2022-12-21,72725.95379528921,0.015387269166089002
2022-12-22,70408.5615490187,-0.03186472126296953
2022-12-23,70457.96294156747,0.0007016389976148704
2022-12-27,68582.0967562242,-0.026623906043082554
2022-12-28,68312.8499510582,-0.003925905125400771
2022-12-29,70001.70208822038,0.02472232000819939
2022-12-30,70057.10037470389,0.0007913848496669674
2023-01-03,69596.24690438641,-0.006578254992750032
2023-01-04,70558.55771494168,0.013827050356283222
2023-01-05,69438.28089347249,-0.01587726361974592
2023-01-06,71166.04334363398,0.024881987686476613
2023-01-09,72017.855487763,0.011969362129856486
2023-01-10,72720.56534650525,0.009757439373651781
2023-01-11,73591.45297526538,0.011975809382262517
2023-01-12,74265.56984268078,0.009160260331345644
2023-01-13,75217.08631105912,0.012812349927348336
2023-01-17,75947.99581554494,0.009717333392351202
2023-01-18,74573.45064530983,-0.018098504844992546
2023-01-19,73694.06703062326,-0.011792180824099727
2023-01-20,75721.27238760238,0.02750839299094083
2023-01-23,77984.20459441477,0.02988502616845734
2023-01-24,78095.66346170862,0.0014292492675091388
2023-01-25,78221.07428217115,0.0016058615152684957
2023-01-26,79695.19215542432,0.01884553346756033
2023-01-27,81175.96860404614,0.018580499131415212
2023-01-30,78506.71476988915,-0.03288231578950257
2023-01-31,79639.49870346319,0.014429134334487748
2023-02-01,81729.02940436034,0.02623736631840781
2023-02-02,84477.6496380479,0.03363089288737986
2023-02-03,83603.16694521034,-0.010351645631529263
2023-02-06,83434.99729150157,-0.002011522527836523
2023-02-07,85374.40057113167,0.023244481843204167
2023-02-08,84689.85701104153,-0.008018136063160819
2023-02-09,83972.43905940643,-0.008471120119397074
2023-02-10,82733.00857414566,-0.01475996766491365
2023-02-13,83888.90367851163,0.013971389706323332
2023-02-14,85368.11193108615,0.01763294294848935
2023-02-15,85214.89093812859,-0.0017948270084881571
2023-02-16,83378.20601770026,-0.02155356769466372
2023-02-17,83086.53409206188,-0.003498179435240607
2023-02-21,81104.31104645747,-0.023857332205096664
2023-02-22,81125.31462583381,0.0002589699499982239
2023-02-23,84202.33536929962,0.03792923032295958
2023-02-24,83321.1241880642,-0.010465400720426043
2023-02-27,83951.70091451722,0.00756802950749615
2023-02-28,83696.16359513458,-0.003043861132043488
2023-03-01,82743.18721221358,-0.01138614175353199
2023-03-02,83079.35428522395,0.004062776457331864
2023-03-03,84985.4904206612,0.02294355982706832
2023-03-06,84824.69726967,-0.001892007096685737
2023-03-07,83527.56884587625,-0.015291872126227598
2023-03-08,84034.90494234819,0.006073876008627517
2023-03-09,81673.43420323201,-0.02810106991536739
2023-03-10,81372.95715544932,-0.003679005918068666
2023-03-13,81473.54615007229,0.0012361477097459896
2023-03-14,83959.71512403597,0.030515045575458633
2023-03-15,83518.5203430983,-0.005254838946105086
2023-03-16,85816.0590100353,0.02750933155303255
2023-03-17,84856.21282220347,-0.011184925046716334
2023-03-20,85371.3388915711,0.006070575768529137
2023-03-21,86963.4820390995,0.018649621385820915
2023-03-22,85969.48946128543,-0.011429999748252519
2023-03-23,86894.30925448833,0.010757535016179879
2023-03-24,86464.0097343639,-0.004951987348955103
2023-03-27,86595.13695505264,0.0015165526222018538
2023-03-28,86129.94983866758,-0.005371977373585168
2023-03-29,87375.12372123843,0.014456921023444418
2023-03-30,87874.17980612637,0.005711649536315719
2023-03-31,89320.7611784762,0.01646196158577371
2023-04-03,89478.02214151398,0.0017606316937172138
2023-04-04,89016.04971414719,-0.005162970931969928
2023-04-05,88884.55446001826,-0.001477208374795131
2023-04-06,89338.17828951449,0.005103516941183219
2023-04-10,89549.55385777645,0.0023660161009434483
2023-04-11,89101.76162852652,-0.005000496484450702
2023-04-12,88219.91578720974,-0.009897064044516606
2023-04-13,89415.30627552206,0.01355012048748333
2023-04-14,91094.66442840298,0.018781551200039263
2023-04-17,91355.42194297268,0.002862489435642574
2023-04-18,91512.6925456035,0.0017215245607314794
2023-04-19,91818.67771012659,0.0033436363417087556
2023-04-20,90693.84811330134,-0.012250553208535298
2023-04-21,90713.3540702848,0.00021507475302080337
2023-04-24,90619.52423306693,-0.0010343552851675834
2023-04-25,89070.03951992517,-0.017098795499704937
2023-04-26,89323.46001027439,0.0028451821927456267
2023-04-27,91310.058227268,0.022240497812837844
2023-04-28,92094.2292336185,0.008588002478310958
2023-05-01,93263.80075427645,0.012699726469191368
2023-05-02,92261.94117381016,-0.010742212652322742
2023-05-03,91192.7176422318,-0.011588998865350884
2023-05-04,90549.21426127893,-0.007056521590654457
2023-05-05,92659.36161482234,0.02330387260406915
2023-05-08,93185.81662363205,0.005681617050181685
2023-05-09,92387.52902134946,-0.008566621307905671
2023-05-10,93126.3308348774,0.00799676992505368
2023-05-11,93158.21291901555,0.00034235305796250637
2023-05-12,92431.02866524995,-0.007805906006352401
2023-05-15,93040.77811151727,0.006596804721016313
2023-05-16,93297.14815268076,0.002755458911319705
2023-05-17,95158.26914052703,0.019948315942096555
2023-05-18,96945.40036012446,0.01878061923297768
2023-05-19,96609.7706600934,-0.003462048728297497
2023-05-22,96574.6126478732,-0.000363917769186129
2023-05-23,95466.99320727316,-0.01146905392868219
2023-05-24,95067.21724967685,-0.004187582997699862
2023-05-25,101027.90959977059,0.06269976678121401
2023-05-26,102775.50587594291,0.01729815338252109
2023-05-30,103830.7767635032,0.010267727495635804
2023-05-31,102139.38218033926,-0.016289915532621452
2023-06-01,104323.78779916657,0.021386516857625684
2023-06-02,105193.2630593087,0.008334391211100727
2023-06-05,105128.8256499903,-0.0006125621303531458
2023-06-06,104985.29208098333,-0.0013653112561614867
2023-06-07,103685.28969508666,-0.012382709617018383
2023-06-08,105051.21840229827,0.013173794578078424
2023-06-09,105480.04955542223,0.004082114987774215
2023-06-12,106608.45023728385,0.010697764047491346
2023-06-13,108083.57290679254,0.013836826876532144
2023-06-14,109454.763489689,0.012686392076240147
2023-06-15,110320.82906587377,0.007912543488948981
2023-06-16,110324.8920631836,3.6828922917050435e-05
2023-06-20,111142.35479618424,0.007409594677260168
2023-06-21,109992.4892626857,-0.010345880610566455
2023-06-22,110495.20687543355,0.004570472185125801
2023-06-23,109609.7767690529,-0.008013289729199242
2023-06-26,107397.87789147653,-0.020179758984792382
2023-06-27,108829.79596844935,0.013332833991559502
2023-06-28,108441.22569323788,-0.0035704401699339357
2023-06-29,109199.25473240022,0.006990229355269861
2023-06-30,111309.14844725006,0.019321502880402148
2023-07-03,111592.89687176372,0.0025491923033454014
2023-07-05,111616.21752486035,0.000208979726760205
2023-07-06,110813.27871536618,-0.007193746816544377
2023-07-07,110766.69543210298,-0.0004203763646668118
2023-07-10,110330.71987212209,-0.003935980560584083
2023-07-11,110966.58855166334,0.005763296752511701
2023-07-12,112579.8841584373,0.014538570824161387
2023-07-13,114875.94175629127,0.020394918817136554
2023-07-14,114939.77826366006,0.0005556995345833423
2023-07-17,116306.85911416553,0.011893888009506578
2023-07-18,117156.66693904363,0.007306601101177724
2023-07-19,116998.50976531168,-0.0013499630696582918
2023-07-20,116245.37497823926,-0.006437131452213721
2023-07-21,115240.16536937274,-0.008647308411665442
2023-07-24,116281.98556988157,0.009040426115057702
2023-07-25,117058.73140150929,0.006679846648825326
2023-07-26,117226.2367605802,0.0014309514298115331
2023-07-27,117214.70204538149,-9.839704418961156e-05
2023-07-28,119076.65668761497,0.015884992323851946
2023-07-31,118335.7064127065,-0.00622246454947332
2023-08-01,118080.17991953713,-0.0021593355117871917
2023-08-02,115599.2902043778,-0.021010212864257673
2023-08-03,116107.77732706758,0.0043987045404066715
2023-08-04,116002.43623706322,-0.0009072698869054671
2023-08-07,117441.99892226567,0.012409762517923218
2023-08-08,116517.02627600651,-0.007875995425379378
2023-08-09,114208.80913004177,-0.019810127495847728
2023-08-10,114090.1815669329,-0.0010386901326832445
2023-08-11,113222.27300374238,-0.007607215198280265
2023-08-14,115587.40456003074,0.020889278174182083
2023-08-15,114416.0801518416,-0.0101336682197135
2023-08-16,113412.52813607671,-0.008771074961081236
2023-08-17,112750.30410141747,-0.0058390730331369205
2023-08-18,112347.43801845524,-0.003573082007830814
2023-08-21,114994.29563348337,0.023559572534207315
2023-08-22,113619.36922630864,-0.011956474880780056
2023-08-23,115156.06633014497,0.01352495718204115
2023-08-24,114312.12608440394,-0.007328665111931835
2023-08-25,114350.11398665282,0.0003323173450630063
2023-08-28,114926.9565590687,0.005044529929224288
2023-08-29,117395.3612874411,0.02147803093614271
2023-08-30,117647.2464511415,0.0021456142809907876
2023-08-31,117275.28268502586,-0.003161686969615084
2023-09-01,116511.67991199203,-0.006511199594246035
2023-09-05,116634.62495549639,0.0010552164692608167
2023-09-06,114877.51286460766,-0.015065098306434958
2023-09-07,114368.60227527465,-0.004430027919674668
2023-09-08,114123.87496194738,-0.0021398120503234074
2023-09-11,115347.26421216168,0.010719836236039122
2023-09-12,115008.67837827576,-0.0029353607664518943
2023-09-13,115839.64529036323,0.007225253987828208
2023-09-14,116574.01680347354,0.006339552501818516
2023-09-15,114487.36549900698,-0.01789979758512017
2023-09-18,114748.50453130741,0.0022809419289388858
2023-09-19,114363.96586594405,-0.0033511431537519964
2023-09-20,112762.03825475628,-0.014007275797566518
2023-09-21,110792.95334012384,-0.017462303316864637
2023-09-22,110577.980657405,-0.0019403100670030424
2023-09-25,111287.55281789153,0.006416939034950596
2023-09-26,109931.26273024711,-0.012187257723815903
2023-09-27,110124.43936052408,0.001757249261758937
2023-09-28,111186.28269387996,0.009642213295448858
2023-09-29,110911.79194701722,-0.002468746505524351
2023-10-02,112060.50078187042,0.010356958576613274
2023-10-03,110371.988358941,-0.015067864333536745
2023-10-04,111660.38187446508,0.011673192942162925
2023-10-05,112399.73087462163,0.006621408486563808
2023-10-06,114169.03409656152,0.015741169557723315
2023-10-09,114092.15034449074,-0.0006734203602505923
2023-10-10,114742.96391156148,0.005704279962343526
2023-10-11,115555.05339173284,0.0070774664736503925
2023-10-12,115440.92460196935,-0.00098765728034929
2023-10-13,114351.96447043901,-0.009433051019688138
2023-10-16,115333.59108465408,0.008584256674216017
2023-10-17,113750.7636567667,-0.013723906565309247
2023-10-18,111123.75283318968,-0.023094445603053935
2023-10-19,110241.3182077554,-0.007941008136747398
2023-10-20,108819.84647256305,-0.012894183036831226
2023-10-23,109531.79301282472,0.0065424328680814565
2023-10-24,110352.6987112355,0.007494679634384039
2023-10-25,108061.04979979809,-0.020766586936256624
2023-10-26,105778.02792330144,-0.021127148780493373
2023-10-27,105207.52121785317,-0.005393432990279687
2023-10-30,106543.39597333258,0.01269752143207726
2023-10-31,106887.18228778358,0.003226725704679472
2023-11-01,108807.49791160476,0.017965817628636898
2023-11-02,110856.08932421688,0.018827667687721386
2023-11-03,112471.29894456927,0.014570328343699982
2023-11-06,113407.03367986002,0.008319764633926167
2023-11-07,113866.11867509253,0.00404811747857246
2023-11-08,114386.44179426803,0.004569604419908234
2023-11-09,113591.08720273367,-0.006953224342486727
2023-11-10,115613.70882824672,0.01780616486136025
2023-11-13,115811.7952229651,0.0017133469441125134
2023-11-14,117751.83409797201,0.016751651861296953
2023-11-15,117744.9887764269,-5.813346006504789e-05
2023-11-16,118635.35100672238,0.00756178449331802
2023-11-17,118691.74736779426,0.0004753756834984241
2023-11-20,120021.40060320517,0.011202575283441313
2023-11-21,119862.85253435194,-0.001320998322435785
2023-11-22,119364.50770174987,-0.004157625336500778
2023-11-24,118936.67640119707,-0.0035842421569884883
2023-11-27,118981.4261706391,0.0003762486963321559
2023-11-28,119237.15647500959,0.002149329627329612
2023-11-29,119267.01349502624,0.00025040030221554736
2023-11-30,118851.44204447475,-0.0034843787764403324
2023-12-01,119409.07186919825,0.004691822119540077
2023-12-04,118299.89915079821,-0.009288847999882551
2023-12-05,119331.05038300938,0.008716416832247028
2023-12-06,117870.56533200295,-0.012238935686217488
2023-12-07,119271.89563891107,0.01188872135262133
2023-12-08,120166.56609628207,0.007501100343701662
2023-12-11,119317.21707059708,-0.007068097668734598
2023-12-12,120497.52958510316,0.009892222962321836
2023-12-13,121252.09447369442,0.006262077664076564
2023-12-14,122009.51627452519,0.006246669833774121
2023-12-15,122570.52773241981,0.004598095911079007
2023-12-18,123959.72673854738,0.011333874723622779
2023-12-19,124510.37282348698,0.004442136970025834
2023-12-20,122365.18118433957,-0.017229019482485664
2023-12-21,123836.59151807353,0.012024746905063848
2023-12-22,123739.71447097187,-0.0007822974285231102
2023-12-26,124408.14139461503,0.005401878665236144
2023-12-27,124789.15032135656,0.0030625722920576788
2023-12-28,124906.88659008246,0.0009434816121651826
2023-12-29,124602.70553268913,-0.0024352625039130616
2024-01-02,123910.32776379983,-0.005556683267263907
2024-01-03,123175.96028981153,-0.005926604240674338
2024-01-04,123254.68784538769,0.0006391470818731411
2024-01-05,124210.55449537969,0.007755215373155302
2024-01-08,127065.01320933916,0.022980806466536177
2024-01-09,127455.75030873647,0.0030750958861788936
2024-01-10,128822.48397476751,0.010723201289234912
2024-01-11,128729.86904033682,-0.0007189345491027021
2024-01-12,128579.45947866874,-0.0011684122945930936
2024-01-16,128930.64871064604,0.002731301200061248
2024-01-17,128350.65070354837,-0.004498527021292924
2024-01-18,129635.71796047111,0.01001216004654985
2024-01-19,132125.0900661015,0.01920282577051367
2024-01-22,132180.10780791863,0.0004164064659452214
2024-01-23,131965.95510573927,-0.0016201583258695696
2024-01-24,133115.06808542475,0.008707647201618991
2024-01-25,133216.7219018577,0.0007636537162547348
2024-01-26,132703.88025216767,-0.0038496792472332343
2024-01-29,134288.68952592686,0.011942448636375254
2024-01-30,134706.42346316145,0.003110715717826206
2024-01-31,132357.8174655497,-0.017434996321864647
2024-02-01,133620.07144021554,0.009536678670259764
2024-02-02,137163.59652011684,0.026519407164714296
2024-02-05,138098.90198386708,0.006818904486898933
2024-02-06,138166.91567857383,0.0004924998948555841
2024-02-07,139818.2115853055,0.011951456675585037
2024-02-08,139173.3011984533,-0.004612492031903388
2024-02-09,141122.58143687336,0.01400613638991354
2024-02-12,140968.24575172135,-0.0010936285573902244
2024-02-13,139654.19230211177,-0.009321627311188428
2024-02-14,141281.68788137686,0.011653753836077793
2024-02-15,142136.48632664836,0.006050313087915714
2024-02-16,141479.06403899324,-0.004625288725262898
2024-02-20,139827.5221808597,-0.011673401074227843
2024-02-21,139342.7701234449,-0.0034667857218252684
2024-02-22,146807.75083950444,0.0535727882361335
2024-02-23,147009.31323407448,0.0013729683440924516
2024-02-26,146673.4308469204,-0.0022847694459960472
2024-02-27,146685.97557386113,8.552828462694072e-05
2024-02-28,146368.20117804618,-0.0021663584031927207
2024-02-29,147657.8551093387,0.00881102535190542
2024-03-01,149337.1586517701,0.011372937397660675
2024-03-04,149424.56636732546,0.0005853045306641688
2024-03-05,149024.19535519712,-0.0026794189326546968
2024-03-06,150056.4801445111,0.006926961000215685
2024-03-07,152087.7723760279,0.013536851121394862
2024-03-08,149989.1734292806,-0.013798604016361163
2024-03-11,149375.60819966966,-0.004090730121266085
2024-03-12,153314.85934554652,0.026371448413527315
2024-03-13,152508.06289573506,-0.005262349998267704
2024-03-14,150567.24087679168,-0.012726028919993958
2024-03-15,150121.29797181787,-0.0029617525191865213
2024-03-18,151661.76414459015,0.010261476509891862
2024-03-19,152302.06013702555,0.004221868287282653
2024-03-20,153811.39929451936,0.009910169016334095
2024-03-21,154355.9686990973,0.003540500945155645
2024-03-22,155038.71622450338,0.004423201325871905
2024-03-25,154784.3977068225,-0.001640354898918406
2024-03-26,154042.43775241892,-0.004793506098779462
2024-03-27,154374.95738753854,0.0021586235583601968
2024-03-28,154221.55185112995,-0.0009937203482004448
2024-04-01,154235.38062441366,8.966822806356336e-05
2024-04-02,153376.29546103804,-0.0055699617033242105
2024-04-03,152735.4519959192,-0.004178243210220419
2024-04-04,150552.45638495326,-0.014292658203704182
2024-04-05,152284.33145559105,0.011503466049132317
2024-04-08,152252.34911204368,-0.00021001729620940735
2024-04-09,151690.74674377596,-0.003688628592879253
2024-04-10,151387.0833450905,-0.0020018584205297417
2024-04-11,153571.37245388472,0.014428503809767285
2024-04-12,149633.49406524136,-0.02564200817978508
2024-04-15,147474.20693058282,-0.014430506673305777
2024-04-16,146770.33336043192,-0.004772858825965451
2024-04-17,145026.19482503596,-0.011883454206735321
2024-04-18,145270.45287809882,0.0016842340334277896
2024-04-19,141878.18141051545,-0.023351420749200352
2024-04-22,144336.27785294928,0.017325401397142837
2024-04-23,146922.50318739173,0.017918054787842835
2024-04-24,146572.92821771553,-0.0023793153675739608
2024-04-25,146848.0802601976,0.0018772364435087532
2024-04-26,150050.68801081675,0.021808986164099067
2024-04-29,150965.17823134197,0.006094542002095164
2024-04-30,148363.05393928642,-0.017236586095821457
2024-05-01,148477.8831456846,0.0007739744050104173
2024-05-02,150084.7745791802,0.010822429573022185
2024-05-03,152023.1333196668,0.012915092459721927
2024-05-06,154276.6667278851,0.014823621635792018
2024-05-07,153554.88186091837,-0.00467850960404687
2024-05-08,154082.22470479686,0.0034342304034077494
2024-05-09,154017.44340977908,-0.00042043327932136064
2024-05-10,154497.24691853658,0.003115254338308691
2024-05-13,155057.26129328058,0.00362475310022359
2024-05-14,156408.55184112786,0.008714784051882571
2024-05-15,158555.51520912148,0.013726636700622262
2024-05-16,158627.7975259426,0.0004558801800477276
2024-05-17,158515.2593892629,-0.0007094477666265209
2024-05-20,157502.26472108794,-0.00639051831399647
2024-05-21,158948.85209351082,0.009184549663362546
2024-05-22,158676.72139963612,-0.0017120645433449445
2024-05-23,160597.09847933392,0.012102449954591699
2024-05-24,162457.5083915519,0.01158433078700606
2024-05-28,164490.922676762,0.012516591601966564
2024-05-29,164370.38564767432,-0.0007327883333998883
2024-05-30,162752.64714389565,-0.009842031442612026
2024-05-31,163233.76731857043,0.0029561434675124685
2024-06-03,165522.3632598254,0.014020358525380956
2024-06-04,165712.43415022615,0.0011483094287532416
2024-06-05,167905.2957444701,0.01323293333713262
2024-06-06,167827.63503208343,-0.0004625268788713692
2024-06-07,168446.52976174885,0.0036876806942260486
2024-06-10,168671.61654745045,0.0013362506548514506
2024-06-11,168060.86089256004,-0.003620974692672096
2024-06-12,169401.4153865049,0.007976601374200275
2024-06-13,171289.89082422166,0.01114793187180887
2024-06-14,171886.79146168398,0.0034847394355273066
2024-06-17,172746.15913784291,0.00499961439067576
2024-06-18,174115.80580271405,0.007928666383709253
2024-06-20,173368.67694963238,-0.0042909881135559155
2024-06-21,171938.93585378167,-0.008246824749467656
2024-06-24,169518.21136805273,-0.014078977944748827
2024-06-25,172520.58839223618,0.017711235860463442
2024-06-26,173412.11200915102,0.005167636078819102
2024-06-27,172926.2275309179,-0.0028019062371344734
2024-06-28,172443.65279911223,-0.002790639330401185
2024-07-01,174558.64326376628,0.012264820596893065
2024-07-02,176064.26774686493,0.008625321868614678
2024-07-03,178585.20730417123,0.014318291778151884
2024-07-05,178831.53293139645,0.0013793170831091599
2024-07-08,179186.5793489554,0.0019853680821221033
2024-07-09,181333.58354580848,0.011981947557980547
2024-07-10,183592.42987618796,0.012456855956904628
2024-07-11,178938.0783838231,-0.025351543609416213
2024-07-12,179344.29614601025,0.002270158290823917
2024-07-15,180220.8967772548,0.004887808812892995
2024-07-16,180409.50408860276,0.0010465340852293204
2024-07-17,177845.89386058532,-0.014209951083056154
2024-07-18,177137.96293025513,-0.0039805863096572984
2024-07-19,175238.0322828008,-0.010725711281902849
2024-07-22,178308.26391058153,0.017520349822383333
2024-07-23,177583.13473795596,-0.0040667165767999695
2024-07-24,171875.41507022065,-0.03214111337857442
2024-07-25,171286.67292400537,-0.0034254005785222964
2024-07-26,173086.0456694624,0.010505036467462611
2024-07-29,172622.91619920483,-0.0026757181289008736
2024-07-30,170467.30803468017,-0.012487381235276495
2024-07-31,175839.66301641884,0.0315154562107926
2024-08-01,172172.82051854866,-0.020853329874317386
2024-08-02,168947.77345497734,-0.018731452815015356
2024-08-05,162642.41938431657,-0.03732132091306363
2024-08-06,165164.51542836856,0.015507000286883132
2024-08-07,162694.3232366533,-0.014955949740830098
2024-08-08,167352.27536337796,0.02863008391478575
2024-08-09,168169.12736269998,0.0048810331233821004
2024-08-12,169672.45752529707,0.008939394442802678
2024-08-13,173678.39187734792,0.023609809219941207
2024-08-14,174435.00916287117,0.004356427286922199
2024-08-15,178129.47344389424,0.021179603215851786
2024-08-16,179249.3489005312,0.006286862218731488
2024-08-19,182109.44073759828,0.01595593989384139
2024-08-20,181193.96713901273,-0.00502705183694808
2024-08-21,182134.26280175432,0.0051894424388873725
2024-08-22,179856.47780558572,-0.012506076347907623
2024-08-23,183163.51869839133,0.018387110284570088
2024-08-26,181890.11999985535,-0.006952250686081527
2024-08-27,182358.32939306315,0.0025741331811106943
2024-08-28,181201.88235427107,-0.0063416189578016265
2024-08-29,178953.04325956403,-0.012410682855436936
2024-08-30,181342.72827839476,0.013353698687116418
2024-09-03,175415.5125064325,-0.03268515825383891
2024-09-04,174726.17482459822,-0.0039297418568325455
2024-09-05,175149.28760617555,0.0024215764009144747
2024-09-06,170482.04460929343,-0.02664722797717819
2024-09-09,173831.73030677054,0.01964831959373691
2024-09-10,173477.16480173013,-0.0020397053197058505
2024-09-11,177637.95280245633,0.023984643774191447
2024-09-12,179100.69644888086,0.008234409501730528
2024-09-13,179110.74800863623,5.6122393461946485e-05
2024-09-16,179037.34909921658,-0.000409796230743897
2024-09-17,179244.89600213588,0.0011592380247110736
2024-09-18,177870.3191658313,-0.0076687083814549455
2024-09-19,181594.56660474767,0.020937992670065384
2024-09-20,180726.42318014137,-0.004780668501474844
2024-09-23,181220.60536519732,0.0027344213223508642
2024-09-24,182566.06529152786,0.0074244312539358225
2024-09-25,182831.46229114398,0.0014537038917520027
2024-09-26,183118.271537073,0.0015687083740121392
2024-09-27,182470.5351055138,-0.003537257238844502
2024-09-30,183090.72410699094,0.0033988446469921866
2024-10-01,180257.85346378072,-0.015472496801939654
2024-10-02,180321.50188665494,0.0003530965317249015
2024-10-03,180973.77346687208,0.003617270116944283
2024-10-04,183974.47669525084,0.016580873409969967
2024-10-07,183280.72388099215,-0.003770918807437931
2024-10-08,185903.12658049734,0.014308120592146667
2024-10-09,186625.8624187642,0.0038877013612459094
2024-10-10,187102.56401058004,0.0025543168864033627
2024-10-11,188483.92595747593,0.007382912971827524
2024-10-14,189929.2606667931,0.007668212034395166
2024-10-15,188457.7765538345,-0.007747537729534651
2024-10-16,190197.53343828564,0.009231547332588519
2024-10-17,190814.89208377662,0.003245881449305486
2024-10-18,191745.49090744212,0.00487697167397681
2024-10-21,192691.87946333678,0.004935649602062749
2024-10-22,193272.12714549896,0.0030112721084990493
2024-10-23,191123.83890717736,-0.011115354655895662
2024-10-24,193449.36091487773,0.012167618759634628
2024-10-25,193437.7216331026,-6.016707276828968e-05
2024-10-28,193929.57700745887,0.0025427066148408324
2024-10-29,193861.79163605446,-0.0003495360143120137
2024-10-30,194024.78773426742,0.0008407850605184553
2024-10-31,189141.1105869966,-0.025170377477538745
2024-11-01,190877.83112835276,0.00918214203123954
2024-11-04,189500.92142664685,-0.00721356531330252
2024-11-05,192102.50585044923,0.013728610944034025
2024-11-06,201449.67220802367,0.048657180791026065
2024-11-07,201770.87699597757,0.0015944666696812654
2024-11-08,201701.0285016677,-0.00034617728460024764
2024-11-11,201920.42049364737,0.0010877088411964811
2024-11-12,202120.34710051093,0.0009901257454537169
2024-11-13,202016.70235911565,-0.0005127872719500955
2024-11-14,201169.43656217513,-0.004194038349533945
2024-11-15,199598.94003621387,-0.007806834640489128
2024-11-18,200012.6432385817,0.0020726723413097524
2024-11-19,202384.99491226833,0.011861008560628179
2024-11-20,201207.04292323504,-0.005820352390966061
2024-11-21,201975.16478729915,0.0038175694692612837
2024-11-22,201170.71793473794,-0.003982899845178274
2024-11-25,199903.84748321012,-0.0062974893390737455
2024-11-26,200989.4611582613,0.005430679242641206
2024-11-27,200233.14706280173,-0.003762953993214807
2024-11-29,201875.79748406957,0.00820368877662697
2024-12-02,202656.61046922393,0.0038677889815689538
2024-12-03,202738.0429258033,0.0004018248227424493
2024-12-04,204433.46464441525,0.008362622496224978
2024-12-05,204892.56448953986,0.0022457176760329756
2024-12-06,205544.26461870165,0.0031806919435336057
2024-12-09,203671.7502470923,-0.00911002977914754
2024-12-10,203062.14786721402,-0.0029930630003362157
2024-12-11,205853.02330919166,0.013743947216606166
2024-12-12,204318.8109643314,-0.007452950266151073
2024-12-13,203048.19864550434,-0.006218773067590352
2024-12-16,202971.70299620836,-0.000376736409415469
2024-12-17,203202.25225455704,0.0011358689656999303
2024-12-18,197838.29651393899,-0.02639712739944676
2024-12-19,198927.09158270407,0.0055034595826516
2024-12-20,201504.55731377864,0.012956836148197327
2024-12-23,204354.59982349916,0.014143811672122654
2024-12-24,206890.57252220655,0.012409667807319856
2024-12-26,206499.99706164573,-0.0018878359501803843
2024-12-27,203667.35537423656,-0.013717393354555626
2024-12-30,202012.8109332315,-0.008123758655209425
2024-12-31,200503.15159244215,-0.007473087146380409
2025-01-02,201184.55786051747,0.0033984815832738755
2025-01-03,205386.80206361602,0.020887508702392737
2025-01-06,207791.0076426983,0.011705745232537357
2025-01-07,204438.8592448802,-0.016132307340181888
2025-01-08,203301.66502680074,-0.0055625149850661556
2025-01-10,200439.43950008805,-0.014078711683622383
2025-01-13,200707.28628872824,0.0013362978329425218
2025-01-14,200273.22446555184,-0.0021626610134719165
2025-01-15,205315.17519751264,0.025175361036981782
2025-01-16,204256.46378191406,-0.005156518092635288
2025-01-17,207486.04193669083,0.015811387776814973
2025-01-21,209732.5600646892,0.010827321717784825
2025-01-22,211855.2360155597,0.010120869884083854
2025-01-23,213120.6584524186,0.005973052451561606
2025-01-24,211404.98891752504,-0.0080502263241487
2025-01-27,204038.15286887533,-0.034847030272893556
2025-01-28,209391.10566668352,0.0262350581131178
2025-01-29,207086.2546759836,-0.011007396820229954
2025-01-30,208344.50460529217,0.006075970282418217
2025-01-31,206431.01696289046,-0.009184248204803068
2025-02-03,203920.59606495613,-0.012161064431444603
2025-02-04,206397.77700290157,0.012147772151256127
2025-02-05,208568.9531016341,0.010519377341462367
2025-02-06,211107.05587465485,0.012169130329689871
2025-02-07,209820.17120210678,-0.006095886597519286
2025-02-10,210992.71177667438,0.005588311971388832
2025-02-11,211323.78397357688,0.0015691167439609648
2025-02-12,210739.9515844868,-0.0027627386662879617
2025-02-13,214291.96334898865,0.01685495198131827
2025-02-14,215476.03052045053,0.005525485664311037
2025-02-18,215850.86493810438,0.0017395643345968625
2025-02-19,216630.66722587656,0.003612690122857678
2025-02-20,214797.60728122952,-0.00846168258686903
2025-02-21,211302.6188869994,-0.016271076938274377
2025-02-24,208851.56308858912,-0.011599741694261909
2025-02-25,205929.3717863278,-0.013991713823189455
2025-02-26,206843.61506850144,0.004439596324910178
2025-02-27,201415.24283441706,-0.02624384722867403
2025-02-28,205964.00889053216,0.022584020911737255
2025-03-03,199898.80835596702,-0.029447865999679416
2025-03-04,197791.70759154196,-0.010540837045275673
2025-03-05,199671.81619690068,0.009505497617934937
2025-03-06,194367.9346556056,-0.02656299543078626
2025-03-07,194827.12304703245,0.00236246988084967
2025-03-10,187357.83526269413,-0.03833802844039935
2025-03-11,187173.10556086674,-0.0009859726526429754
2025-03-12,190462.5931802051,0.017574574132759986
2025-03-13,188175.88445624048,-0.012006077864334332
2025-03-14,193405.15610613517,0.027789276319892857
2025-03-17,192247.0392762744,-0.005988034927182853
2025-03-18,189685.6143872699,-0.013323611633485631
2025-03-19,192139.99666887074,0.012939211492284775
2025-03-20,192412.12001835977,0.0014162764349268068
2025-03-21,193654.21320712016,0.006455379155127437
2025-03-24,198677.08870966535,0.025937341715220143
2025-03-25,199353.40002861916,0.003404073027978394
2025-03-26,195051.5474641853,-0.021579027816010527
2025-03-27,193919.80157746165,-0.005802291247812127
2025-03-28,190020.83822583593,-0.02010606095875285
2025-03-31,190376.27040356808,0.001870490526464034
2025-04-01,189020.43758834788,-0.0071218582670311064
2025-04-02,190665.59769123414,0.008703609640715843
2025-04-03,181241.06918168155,-0.04942962245771668
2025-04-04,169857.38231099336,-0.06280964310178956
2025-04-07,171397.9928433504,0.009070023989515676
2025-04-08,169611.48540957543,-0.010423152594370037
2025-04-09,188491.27606253704,0.11131198224796494
2025-04-10,180937.01036232803,-0.04007753492900475
2025-04-11,185751.48189705086,0.026608550263330862
2025-04-14,186027.3159793797,0.001484963024314971
2025-04-15,185768.4751957782,-0.0013914127731121332
2025-04-16,179972.10147664155,-0.03120213864611829
2025-04-17,179601.48535903374,-0.002059297605389801
2025-04-21,175025.1077617823,-0.025480733570231846
2025-04-22,179174.29696570695,0.023706251388640232
2025-04-23,183187.51251458065,0.022398388702157494
2025-04-24,186954.49006037292,0.020563506180545248
2025-04-25,190289.35381050373,0.01783783716055117
2025-04-28,189454.17595623925,-0.00438898886112237
2025-04-29,190413.2439060991,0.005062268725506208
2025-04-30,190012.9968277049,-0.0021019918057358093
2025-05-01,192608.7457441268,0.013660901937016336
2025-05-02,195982.30239530513,0.01751507512363946
2025-05-05,194799.832018195,-0.006033556921507339
2025-05-06,193411.39934697805,-0.00712748392456157
2025-05-07,195228.12651409226,0.009393071831588346
2025-05-08,196547.23013283563,0.006756729382680149
2025-05-09,196265.5930955404,-0.0014329229524369608
2025-05-12,203609.61610080808,0.03741880015460827
2025-05-13,206648.39935576502,0.014924556674437482
2025-05-14,209558.29429754155,0.014081381471369928
2025-05-15,209961.60974564982,0.0019245978760241231
2025-05-16,211073.175880735,0.005294139897440217
2025-05-19,210873.28970729775,-0.0009469994119489439
2025-05-20,210435.71756090785,-0.0020750477549681115
2025-05-21,207740.19516742302,-0.012809243719306631
2025-05-22,208405.22101660282,0.003201238203535313
2025-05-23,206879.0693401848,-0.007323001165582399
2025-05-27,211893.29770052648,0.024237485098584248
2025-05-28,210798.73681195217,-0.005165622983136001
2025-05-29,213132.15832414993,0.011069428344247508
2025-05-30,211749.93480054568,-0.006485288444843893
2025-06-02,213063.18495223654,0.006201891646048706
2025-06-03,214453.01123757416,0.0065230710113020314
2025-06-04,214273.83343045038,-0.0008355108006634348
2025-06-05,211672.687532262,-0.012139353912444218
2025-06-06,214886.10623992747,0.015181073879338803
2025-06-09,216043.96168115013,0.005388228496866538
2025-06-10,218256.90828156142,0.010243038422324942
2025-06-11,216935.19347471336,-0.0060557753578319926
2025-06-12,217898.6647310197,0.00444128608583125
2025-06-13,215449.5958010238,-0.011239485716991933
2025-06-16,217984.85191670657,0.011767281838041495
2025-06-17,216157.57094698926,-0.008382605275780807
2025-06-18,216452.32153197034,0.001363591308367191
2025-06-20,215122.22404960566,-0.006144990605555589
2025-06-23,217566.70594221074,0.011363223411270596
2025-06-24,220266.59617870106,0.012409482529957655
2025-06-25,222806.6024683319,0.011531509242418915
2025-06-26,224549.8764792244,0.007824157774409937
2025-06-27,226117.9728625812,0.00698328766839425
2025-06-30,226755.41697960973,0.0028190776211139213
2025-07-01,225212.68538734983,-0.006803504907662821
2025-07-02,227638.7801844733,0.010772460676230415
2025-07-03,230117.6552110725,0.010889511113134463
2025-07-07,227595.61974304897,-0.010959765193636466
2025-07-08,226584.31181186126,-0.004443441979812549
2025-07-09,228551.17965861282,0.008680512039971836
2025-07-10,230694.64788292392,0.00937850431361939
2025-07-11,230547.9244229249,-0.0006360072127617383
2025-07-14,230783.4951230323,0.0010217862541902034
2025-07-15,231941.26145670228,0.005016677354040395
2025-07-16,235076.28866125728,0.013516470441117194
2025-07-17,235963.01417528704,0.0037720755210134353
2025-07-18,236835.90227345232,0.0036992581282964407
2025-07-21,237340.03670273104,0.0021286233397868667
2025-07-22,236886.63730353574,-0.0019103367703747944
2025-07-23,239698.46427412785,0.011869926487196366
2025-07-24,240243.10169892124,0.0022721773643509563
2025-07-25,240767.93943625808,0.002184611061151721
2025-07-28,241685.97418330758,0.003812944319742254
2025-07-29,240914.54905678643,-0.0031918489648724365
2025-07-30,242139.5462969444,0.005084779001326358
2025-07-31,241479.4006226205,-0.002726302598727018
2025-08-01,237108.49424174908,-0.018100535157871227
2025-08-04,242380.1735598039,0.022233194702337363
2025-08-05,240712.83250527867,-0.006879032348385728
2025-08-06,242832.70815455285,0.008806658237581463
2025-08-07,242780.172018019,-0.00021634703550911993
2025-08-08,245622.80685149322,0.011708677895093056
2025-08-11,245734.10679447238,0.0004531335848076195
2025-08-12,247388.40886971838,0.0067320816667491784
2025-08-13,246973.24692930054,-0.001678178627344209
2025-08-14,248282.92090642182,0.005302898161662708
2025-08-15,247372.94453777795,-0.0036650783925118715
2025-08-18,247711.4928920372,0.001368574703639687
2025-08-19,244816.54521345647,-0.011686771755246869
2025-08-20,244373.86563186193,-0.0018082094133327323
2025-08-21,243670.81379452924,-0.0028769518193560617
2025-08-22,247889.9733430264,0.017314997569035498
2025-08-25,248220.15009905928,0.0013319488141457963
2025-08-26,249691.6928527558,0.005928377503233583
2025-08-27,249848.74046898092,0.0006289661239057553
2025-08-28,249803.00288899572,-0.00018306107887261307
2025-08-29,247513.29658163185,-0.009166047969332626
2025-09-02,245496.11168569684,-0.008149804167267086
2025-09-03,247256.81665995126,0.007172027948485917
2025-09-04,249699.8052781453,0.009880369128725945
2025-09-05,246165.2266477855,-0.014155311921139023
2025-09-08,246244.07793271844,0.0003203185356710408
2025-09-09,248259.4926579028,0.008184622111947969
2025-09-10,249622.20009337747,0.0054890446318299575
2025-09-11,252347.79194226186,0.010918867984757918
2025-09-12,253925.99036882687,0.006254060772309448
2025-09-15,255695.51406230996,0.006968659218037736
2025-09-16,255140.2652928759,-0.0021715233115070596
2025-09-17,254275.6243750041,-0.0033888846077638605
2025-09-18,255451.78827493003,0.004625547190443126
2025-09-19,257614.00358826446,0.008464279416229164
2025-09-22,259476.92737178513,0.007231453871188375
2025-09-23,257080.0125362056,-0.009237487355263689
2025-09-24,256958.9949106407,-0.0004707391460387158
2025-09-25,256569.3453604456,-0.0015163880537850997
2025-09-26,258437.1402184576,0.007279883165262849
2025-09-29,260436.53702512782,0.007736491763451984
2025-09-30,262933.2753323836,0.009586743610459298
2025-10-01,263125.93818915536,0.0007327442923616556
2025-10-02,262689.17463167664,-0.0016599030885535073
2025-10-03,262963.77458058414,0.0010453417020040228
2025-10-06,263589.3602946877,0.00237898058430805
2025-10-07,262500.70836968266,-0.004130105721216957
2025-10-08,263953.85535084317,0.005535783084874676
2025-10-09,265545.6511968961,0.006030583807677943
2025-10-10,258355.043042225,-0.02707861387396408
2025-10-13,263226.22155555506,0.018854590396108054
2025-10-14,258956.07779801634,-0.016222334280771758
2025-10-15,260186.90467291084,0.004753033353611815
2025-10-16,258988.3077710665,-0.004606676509531332
2025-10-17,260557.9617107444,0.006060713524818358
2025-10-20,262956.7211304214,0.009206241113982853
2025-10-21,261040.94752329483,-0.007285509185279023
2025-10-22,259947.61629602662,-0.00418835143544148
2025-10-23,261232.7521045438,0.0049438260939991124
2025-10-24,263749.03449812403,0.009632338875231006
2025-10-27,268209.6746623619,0.01691244168050065
2025-10-28,271421.5384002844,0.011975197173501527
2025-10-29,273645.6939610672,0.00819446965738827
2025-10-30,271250.51805226627,-0.008752836100324974
2025-10-31,272379.9453822812,0.00416377943948219
2025-11-03,273376.6054461436,0.0036590801957304205
2025-11-04,269458.6384293321,-0.014331756773471656
2025-11-05,269403.4561728539,-0.000204789339098295
2025-11-06,265922.80318696273,-0.012919852756669563
2025-11-07,265243.50226695236,-0.0025545042090006345
2025-11-10,271767.62838094396,0.024596742458276775
2025-11-11,271348.67110668035,-0.001541601097818625
2025-11-12,271446.97612263967,0.000362283019696915
2025-11-13,265296.39051472925,-0.02265851583895179
2025-11-14,265297.88354624866,5.627786780449512e-06
2025-11-17,264196.2371914128,-0.004152488290182126
2025-11-18,260761.62796779623,-0.013000220064179604
2025-11-19,264269.85635731043,0.013453775453294459
2025-11-20,260287.48677797712,-0.015069329639884891
2025-11-21,260688.61519528602,0.0015410975851140505
2025-11-24,265310.51984541456,0.017729599149031404
2025-11-25,266302.3749016552,0.0037384686322220854
2025-11-26,268532.49179173924,0.008374378527069631
2025-11-28,269103.5779929724,0.0021266931142026923
2025-12-01,268634.7302200455,-0.0017422576705359003
2025-12-02,269415.36793040263,0.0029059448482990323
2025-12-03,269493.0328151269,0.0002882719175258342
2025-12-04,271187.1689253003,0.006286381849936764
2025-12-05,271079.95017418655,-0.00039536808300581695
